rowNumber,udi,predictedValues
0,446,0
1,7076,0
2,1191,0
3,2618,0
4,5067,0
5,191,0
6,2601,0
7,3300,0
8,6729,0
9,4824,0
10,6848,0
11,1238,0
12,199,0
13,3703,0
14,6984,0
15,3601,0
16,1737,0
17,6992,0
18,9921,0
19,5593,0
20,2910,0
21,8041,0
22,8525,0
23,4475,0
24,7611,0
25,2405,0
26,9048,0
27,146,0
28,2049,0
29,2964,0
30,8868,0
31,9211,0
32,8598,0
33,1123,0
34,3894,0
35,5175,0
36,2477,0
37,5531,0
38,7916,0
39,5441,0
40,5764,0
41,3779,0
42,8844,0
43,4227,0
44,7525,0
45,3002,0
46,6076,0
47,7154,0
48,1108,0
49,5754,0
50,7020,0
51,4094,0
52,1552,0
53,8607,0
54,3913,0
55,5295,0
56,931,0
57,130,0
58,9041,0
59,3420,0
60,4347,0
61,8329,0
62,1288,0
63,9931,0
64,6441,0
65,5052,0
66,7960,0
67,5127,0
68,4137,0
69,3481,0
70,9585,0
71,9976,0
72,2828,0
73,6088,0
74,7696,0
75,1580,0
76,1571,0
77,7750,0
78,4831,0
79,6951,0
80,8367,0
81,1799,0
82,4199,0
83,8046,0
84,9150,0
85,4538,0
86,8352,0
87,589,0
88,3132,0
89,2208,0
90,2383,0
91,6131,0
92,4467,0
93,5117,0
94,6584,0
95,1713,0
96,2863,0
97,5059,0
98,5864,0
99,9241,0
100,9917,0
101,3643,0
102,7143,0
103,62,0
104,7385,0
105,6687,0
106,6700,0
107,2850,0
108,8670,0
109,1140,0
110,5280,0
111,2515,0
112,4399,0
113,6145,0
114,6481,0
115,1513,0
116,9709,0
117,7401,0
118,1762,0
119,5478,0
120,8480,0
121,636,0
122,1963,0
123,400,0
124,2893,0
125,5907,0
126,504,0
127,712,0
128,1506,0
129,8653,0
130,8706,0
131,8964,0
132,3990,0
133,5164,0
134,7269,0
135,9580,0
136,3199,0
137,3772,0
138,9913,0
139,4381,0
140,5981,0
141,5228,0
142,7305,0
143,4027,0
144,5424,0
145,1413,0
146,8772,0
147,8611,0
148,4654,0
149,7183,0
150,3257,0
151,1832,0
152,9949,0
153,3885,0
154,4462,0
155,2823,0
156,2927,0
157,9262,0
158,2594,0
159,8668,0
160,8004,0
161,7569,0
162,3680,0
163,2072,0
164,9639,0
165,7962,0
166,7860,0
167,6627,0
168,8040,0
169,1018,0
170,2861,0
171,6717,0
172,2817,0
173,7253,0
174,1948,0
175,8280,0
176,4438,0
177,5959,0
178,7684,0
179,454,0
180,8731,0
181,1593,0
182,1775,0
183,7803,0
184,3061,0
185,8766,0
186,5810,0
187,9014,0
188,9658,0
189,8301,0
190,3127,0
191,4958,0
192,9445,0
193,8861,0
194,1175,0
195,6602,0
196,7343,0
197,5056,0
198,654,0
199,6264,0
200,6775,0
201,9787,0
202,462,0
203,9292,0
204,9688,0
205,5388,0
206,5492,0
207,9965,0
208,6671,0
209,9746,0
210,6379,0
211,7676,0
212,138,0
213,9010,0
214,576,0
215,3714,0
216,2874,0
217,5404,0
218,8036,0
219,7708,0
220,2955,0
221,1295,0
222,4861,0
223,2066,0
224,7057,0
225,861,0
226,3151,0
227,5601,0
228,4091,0
229,3588,0
230,8215,0
231,3974,0
232,8514,0
233,9293,0
234,6525,0
235,5940,0
236,5201,0
237,9039,0
238,1605,0
239,8833,0
240,7638,0
241,6075,0
242,445,0
243,6191,0
244,3343,0
245,3783,0
246,4637,0
247,3290,0
248,3429,0
249,2381,0
250,8790,0
251,4615,0
252,5324,0
253,295,0
254,1025,0
255,5689,0
256,8118,0
257,7554,0
258,8748,0
259,7649,0
260,2327,0
261,5714,0
262,3218,0
263,2403,0
264,5161,0
265,6916,0
266,6408,0
267,7212,0
268,2449,0
269,5921,0
270,5426,0
271,9678,0
272,3748,0
273,7936,0
274,4022,0
275,2044,0
276,3817,0
277,3848,0
278,8811,0
279,4058,0
280,312,0
281,7654,0
282,1369,0
283,4886,0
284,2386,0
285,7680,0
286,6788,0
287,5405,0
288,363,0
289,4565,0
290,177,0
291,1433,0
292,2142,0
293,3173,0
294,987,0
295,4889,0
296,8336,0
297,9946,0
298,2141,0
299,7628,0
300,8394,0
301,8757,0
302,7811,0
303,8165,0
304,5156,0
305,3646,0
306,2157,0
307,6596,0
308,3230,0
309,9801,0
310,7158,0
311,6002,0
312,8510,0
313,7880,0
314,9442,0
315,1491,0
316,460,0
317,3574,0
318,8883,0
319,1951,0
320,2325,0
321,737,0
322,1591,0
323,4933,0
324,5437,0
325,4198,0
326,15,0
327,5719,0
328,7695,0
329,9062,0
330,3847,0
331,1043,0
332,1388,0
333,4300,0
334,3062,0
335,7140,0
336,1087,0
337,8225,0
338,8697,0
339,2510,0
340,2484,0
341,6136,0
342,8072,0
343,5468,0
344,1537,0
345,1372,0
346,9153,0
347,7834,0
348,2535,0
349,641,0
350,8544,0
351,8590,0
352,7368,0
353,778,0
354,6015,0
355,50,0
356,4915,0
357,7937,0
358,6097,0
359,4855,0
360,8491,0
361,3268,0
362,2860,0
363,2882,0
364,7921,0
365,1532,0
366,773,0
367,410,0
368,9968,0
369,1451,0
370,7872,0
371,1248,0
372,4169,0
373,7251,0
374,1645,0
375,4112,0
376,7632,0
377,3533,0
378,483,0
379,3047,0
380,3287,0
381,2653,0
382,3770,0
383,9111,0
384,4585,0
385,9986,0
386,8709,0
387,8708,0
388,8229,0
389,4790,0
390,6530,0
391,4298,0
392,5513,0
393,2831,0
394,879,0
395,7180,0
396,5599,0
397,2686,0
398,2159,0
399,706,0
400,7650,0
401,6299,0
402,6358,0
403,9683,0
404,977,0
405,1255,0
406,7580,0
407,3666,0
408,9555,0
409,3655,0
410,6022,0
411,7835,0
412,9233,0
413,9400,0
414,3712,0
415,4899,0
416,4639,0
417,7171,0
418,8892,0
419,8223,0
420,8551,0
421,3194,0
422,8902,0
423,6990,0
424,8650,0
425,3820,0
426,1072,0
427,9531,0
428,2868,0
429,472,0
430,9923,0
431,8260,0
432,9121,0
433,1209,0
434,4232,0
435,3980,0
436,4110,0
437,4517,0
438,6161,0
439,1219,0
440,7127,0
441,91,0
442,9898,0
443,8566,0
444,1957,0
445,9283,0
446,502,0
447,3088,0
448,2181,0
449,2559,0
450,2103,0
451,757,0
452,9018,0
453,6220,0
454,6557,0
455,5244,0
456,7260,0
457,1908,0
458,4810,0
459,740,0
460,393,0
461,8503,0
462,1658,0
463,4142,0
464,4294,0
465,5759,0
466,8711,0
467,7853,0
468,2344,0
469,584,0
470,9813,0
471,3208,0
472,1064,0
473,6629,0
474,2631,0
475,6783,0
476,1742,0
477,8710,0
478,2444,0
479,9222,0
480,5403,0
481,5040,0
482,6987,0
483,2039,0
484,7581,0
485,214,0
486,5613,0
487,3618,0
488,4755,0
489,9429,0
490,5152,0
491,4240,0
492,2184,0
493,2010,0
494,5690,0
495,3205,0
496,1479,0
497,8899,0
498,501,0
499,1738,0
500,8176,0
501,9383,0
502,2340,0
503,8908,0
504,2276,0
505,5387,0
506,1800,0
507,1306,0
508,3754,0
509,1912,0
510,5611,0
511,7045,0
512,6899,0
513,5003,0
514,6502,0
515,1258,0
516,8632,0
517,5520,0
518,2437,0
519,3503,0
520,2328,0
521,3438,0
522,6957,0
523,5631,0
524,8934,0
525,3388,0
526,832,0
527,7974,0
528,1609,0
529,9164,0
530,700,0
531,9054,0
532,427,0
533,8485,0
534,8802,0
535,3513,0
536,6343,0
537,9334,0
538,2409,0
539,835,0
540,5984,0
541,6169,0
542,1501,0
543,5051,0
544,9461,0
545,1534,0
546,8548,0
547,3521,0
548,1151,0
549,8781,0
550,7215,0
551,9486,0
552,6444,0
553,5446,0
554,8022,0
555,6594,0
556,7873,0
557,9338,0
558,9571,0
559,1975,0
560,5896,0
561,6764,0
562,2368,0
563,8920,0
564,6026,0
565,4348,0
566,3787,0
567,5789,0
568,7131,0
569,4931,0
570,4148,0
571,7297,0
572,1864,0
573,8379,0
574,9432,0
575,1852,0
576,5251,0
577,6039,0
578,2222,0
579,417,0
580,1223,0
581,5101,0
582,1652,0
583,810,0
584,3732,0
585,797,0
586,7809,0
587,8347,0
588,5368,0
589,989,0
590,9197,0
591,9260,0
592,5293,0
593,261,0
594,5248,0
595,3235,0
596,6301,0
597,5202,0
598,3746,0
599,6293,0
600,8281,0
601,2191,0
602,6440,0
603,2336,0
604,4019,0
605,3129,0
606,5429,0
607,4561,0
608,6254,0
609,2228,0
610,5900,0
611,2306,0
612,5998,0
613,4355,0
614,5224,0
615,3349,0
616,3431,0
617,1607,0
618,4178,0
619,9240,0
620,6479,0
621,7533,0
622,6582,0
623,833,0
624,9088,0
625,1348,0
626,7797,0
627,3526,0
628,3502,0
629,3809,0
630,4530,0
631,6009,0
632,4338,0
633,3512,0
634,4041,0
635,2592,0
636,3489,0
637,2959,0
638,7795,0
639,3507,0
640,7014,0
641,9423,0
642,7828,0
643,8164,0
644,6971,0
645,7969,0
646,5756,0
647,2738,0
648,2453,0
649,4659,0
650,4403,0
651,5790,0
652,1673,0
653,5054,0
654,4474,0
655,7798,0
656,8578,0
657,1317,0
658,6232,0
659,8262,0
660,9945,0
661,818,0
662,2382,0
663,8818,0
664,71,0
665,1267,0
666,1578,0
667,9213,0
668,1681,0
669,3967,0
670,1326,0
671,1366,0
672,3677,0
673,9718,0
674,1091,0
675,2457,0
676,8808,0
677,6834,0
678,5679,0
679,9507,0
680,9274,0
681,4020,0
682,656,0
683,1772,0
684,3111,0
685,6290,0
686,5657,0
687,1751,0
688,75,0
689,5661,0
690,1928,0
691,1543,0
692,3615,0
693,8219,0
694,3505,0
695,5339,0
696,6380,0
697,1964,0
698,2129,0
699,2241,0
700,3667,0
701,6714,0
702,6389,0
703,2593,0
704,171,0
705,5841,0
706,2097,0
707,9624,0
708,5267,0
709,3251,0
710,9859,0
711,5139,0
712,3206,0
713,9780,0
714,3586,0
715,3722,0
716,1815,0
717,2346,0
718,6149,0
719,2707,0
720,5849,0
721,5793,0
722,1310,0
723,5372,0
724,210,0
725,3443,0
726,2902,0
727,4529,0
728,9505,0
729,8906,0
730,9649,0
731,2899,0
732,285,0
733,6352,0
734,3080,0
735,9157,0
736,1005,0
737,9602,0
738,8283,0
739,457,0
740,8683,0
741,7086,0
742,4231,0
743,8954,0
744,6042,0
745,352,0
746,399,0
747,3450,0
748,1190,0
749,4307,0
750,217,0
751,3605,0
752,9060,0
753,7914,0
754,7609,0
755,3048,0
756,3883,0
757,9194,0
758,6340,0
759,321,0
760,186,0
761,5565,0
762,3090,0
763,6271,0
764,1839,0
765,2258,0
766,529,0
767,4578,0
768,4843,0
769,7216,0
770,5208,0
771,2800,0
772,5653,0
773,3802,0
774,2351,0
775,1862,0
776,3731,0
777,822,0
778,7849,0
779,10,0
780,9955,0
781,6973,0
782,5218,0
783,4761,0
784,4743,0
785,6122,0
786,3880,0
787,2240,0
788,1909,0
789,5470,0
790,8929,0
791,5769,0
792,548,0
793,6940,0
794,5833,0
795,5711,0
796,9984,0
797,1176,0
798,390,0
799,8769,0
800,216,0
801,3905,0
802,7482,0
803,3520,0
804,9657,0
805,7932,0
806,9552,0
807,3102,0
808,7668,0
809,937,0
810,5453,0
811,8252,0
812,6956,0
813,2492,0
814,1438,0
815,3707,0
816,758,0
817,1456,0
818,5835,0
819,5709,0
820,9702,0
821,3943,0
822,6261,0
823,6158,0
824,5762,0
825,4256,0
826,3979,0
827,1665,0
828,9513,0
829,6585,0
830,9337,0
831,1027,0
832,4012,0
833,3803,0
834,8366,0
835,4945,0
836,814,0
837,4604,0
838,2668,0
839,9339,0
840,4007,0
841,8424,0
842,4914,0
843,9444,0
844,9621,0
845,955,0
846,7437,0
847,5409,0
848,3407,0
849,6758,0
850,6556,0
851,4543,0
852,9296,0
853,2550,0
854,282,0
855,3553,0
856,6218,0
857,9253,0
858,6738,0
859,6927,0
860,9903,0
861,1076,0
862,1321,0
863,7218,0
864,4209,0
865,759,0
866,5639,0
867,1307,0
868,7470,0
869,8664,0
870,7555,0
871,8103,0
872,7844,0
873,509,0
874,738,0
875,9068,0
876,2153,0
877,2096,0
878,9503,0
879,5084,0
880,5522,0
881,8445,0
882,8197,0
883,8441,0
884,6197,0
885,2056,0
886,9929,0
887,852,0
888,3534,0
889,2273,0
890,8831,0
891,2384,0
892,6726,0
893,9468,0
894,913,0
895,7303,0
896,665,0
897,7724,0
898,7971,0
899,5905,0
900,7924,0
901,8882,0
902,6400,0
903,376,0
904,3484,0
905,2296,0
906,2976,0
907,1139,0
908,103,0
909,2174,0
910,527,0
911,9378,0
912,3225,0
913,3134,0
914,4074,0
915,173,0
916,2069,0
917,601,0
918,6469,0
919,8275,0
920,2323,0
921,106,0
922,9833,0
923,1059,0
924,678,0
925,5831,0
926,5045,0
927,2061,0
928,1411,0
929,5574,0
930,1980,0
931,6482,0
932,704,0
933,6334,0
934,6455,0
935,4130,0
936,7584,0
937,9306,0
938,9536,0
939,5897,0
940,435,0
941,9850,0
942,9193,0
943,8216,0
944,5625,0
945,1796,0
946,5365,0
947,2305,0
948,8025,0
949,6963,0
950,1119,0
951,8211,0
952,4314,0
953,6117,0
954,7142,0
955,1663,0
956,5021,0
957,3058,0
958,1617,0
959,7388,0
960,8066,0
961,5167,0
962,461,0
963,9131,0
964,5551,0
965,781,0
966,7195,0
967,6409,0
968,8819,0
969,8946,0
970,4681,0
971,9640,0
972,9797,0
973,3045,0
974,3224,0
975,5843,0
976,3991,0
977,7223,0
978,890,0
979,7583,0
980,375,0
981,1362,0
982,9307,0
983,7689,0
984,1265,0
985,996,0
986,4791,0
987,7682,0
988,5915,0
989,2529,0
990,1418,0
991,1225,0
992,998,0
993,6890,0
994,7588,0
995,2590,0
996,3861,0
997,6522,0
998,1631,0
999,6093,0
1000,5130,0
1001,2254,0
1002,6882,0
1003,3123,0
1004,3804,0
1005,3641,0
1006,847,0
1007,2105,0
1008,4087,0
1009,7273,0
1010,6568,0
1011,6427,0
1012,9760,0
1013,8825,0
1014,6328,0
1015,3136,0
1016,6870,0
1017,4373,0
1018,3202,0
1019,6499,0
1020,4804,0
1021,5088,0
1022,6120,0
1023,8506,0
1024,3608,0
1025,3874,0
1026,401,0
1027,3522,0
1028,9020,0
1029,6759,0
1030,8944,0
1031,8770,0
1032,8658,0
1033,111,0
1034,7792,0
1035,9535,0
1036,7038,0
1037,4376,0
1038,4785,0
1039,1879,0
1040,3987,0
1041,5073,0
1042,143,0
1043,9914,0
1044,8289,0
1045,5105,0
1046,4938,0
1047,6861,0
1048,5825,0
1049,7488,0
1050,6654,0
1051,2540,0
1052,6053,0
1053,8520,0
1054,7219,0
1055,7433,0
1056,7759,0
1057,2219,0
1058,556,0
1059,8413,0
1060,5829,0
1061,1173,0
1062,761,0
1063,6580,0
1064,9137,0
1065,649,0
1066,3028,0
1067,4980,0
1068,7556,0
1069,2047,0
1070,6205,0
1071,6737,0
1072,7346,0
1073,9393,0
1074,3909,0
1075,3617,0
1076,1065,0
1077,1574,0
1078,4536,0
1079,5949,0
1080,1058,0
1081,1220,0
1082,1568,0
1083,9355,0
1084,3928,0
1085,222,0
1086,707,0
1087,4877,0
1088,7619,0
1089,2967,0
1090,588,0
1091,6974,0
1092,6492,0
1093,9067,0
1094,2318,0
1095,2040,0
1096,3462,0
1097,484,0
1098,6798,0
1099,2764,0
1100,5780,0
1101,207,0
1102,1429,0
1103,2736,0
1104,4482,0
1105,3607,0
1106,4835,0
1107,8407,0
1108,6247,0
1109,1592,0
1110,3095,0
1111,187,0
1112,1544,0
1113,6787,0
1114,6183,0
1115,1051,0
1116,6181,0
1117,2716,0
1118,3910,0
1119,1545,0
1120,627,0
1121,5454,0
1122,8916,0
1123,6885,0
1124,124,0
1125,2322,0
1126,3383,0
1127,7135,0
1128,1245,0
1129,7132,0
1130,2834,0
1131,4412,0
1132,1817,0
1133,2554,0
1134,6578,0
1135,5976,0
1136,8571,0
1137,9591,0
1138,9770,0
1139,6074,0
1140,6751,0
1141,7509,0
1142,2747,0
1143,570,0
1144,9449,0
1145,322,0
1146,2111,0
1147,9145,0
1148,8331,0
1149,5351,0
1150,3500,0
1151,1603,0
1152,9581,0
1153,5856,0
1154,1408,0
1155,3301,0
1156,3213,0
1157,724,0
1158,9849,0
1159,663,0
1160,4435,0
1161,1727,0
1162,147,0
1163,1365,0
1164,4554,0
1165,5590,0
1166,3430,0
1167,1235,0
1168,5007,0
1169,3137,0
1170,7697,0
1171,8721,0
1172,8137,0
1173,9534,0
1174,2418,0
1175,9674,0
1176,8444,0
1177,8832,0
1178,6365,0
1179,6797,0
1180,1682,0
1181,2391,0
1182,9789,0
1183,219,0
1184,5541,0
1185,622,0
1186,8324,0
1187,7166,0
1188,9495,0
1189,6312,0
1190,9726,0
1191,4895,0
1192,4181,0
1193,6710,0
1194,6631,0
1195,1868,0
1196,531,0
1197,3109,0
1198,7911,0
1199,1517,0
1200,2102,0
1201,767,0
1202,2723,0
1203,2663,0
1204,6045,0
1205,3034,0
1206,6720,0
1207,7870,0
1208,7981,0
1209,6807,0
1210,4716,0
1211,3486,0
1212,8869,0
1213,6622,0
1214,5592,0
1215,6155,0
1216,4893,0
1217,5583,0
1218,9798,0
1219,6878,0
1220,2297,0
1221,3793,0
1222,1744,0
1223,3501,0
1224,371,0
1225,4344,0
1226,5118,0
1227,9358,0
1228,8455,0
1229,6230,0
1230,8190,0
1231,4085,0
1232,8637,0
1233,3422,0
1234,3482,0
1235,3999,0
1236,8629,0
1237,4215,0
1238,6666,0
1239,9147,0
1240,7560,0
1241,5696,0
1242,4569,0
1243,9318,0
1244,3067,0
1245,3511,0
1246,3387,0
1247,7358,0
1248,6960,0
1249,2090,0
1250,5596,0
1251,8051,0
1252,549,0
1253,3436,0
1254,3081,0
1255,9616,0
1256,4906,0
1257,2213,0
1258,8304,0
1259,9322,0
1260,9376,0
1261,9458,0
1262,1590,0
1263,3988,0
1264,5604,0
1265,9879,0
1266,4522,0
1267,5428,0
1268,1610,0
1269,8979,0
1270,6028,0
1271,7923,0
1272,8724,0
1273,8776,0
1274,360,0
1275,1110,0
1276,3690,0
1277,8623,0
1278,5997,0
1279,4172,0
1280,851,0
1281,9806,0
1282,2450,0
1283,3217,0
1284,2331,0
1285,843,0
1286,3765,0
1287,1318,0
1288,659,0
1289,6590,0
1290,5303,0
1291,4994,0
1292,6425,0
1293,2775,0
1294,9604,0
1295,554,0
1296,2949,0
1297,4677,0
1298,436,0
1299,9842,0
1300,229,0
1301,6490,0
1302,9729,0
1303,3590,0
1304,4981,0
1305,721,0
1306,6020,0
1307,3675,0
1308,6591,0
1309,8773,0
1310,5141,0
1311,4497,0
1312,6920,0
1313,4048,0
1314,748,0
1315,864,0
1316,7080,0
1317,6463,0
1318,6858,0
1319,6058,0
1320,4869,0
1321,3525,0
1322,1097,0
1323,9136,0
1324,9483,0
1325,4014,0
1326,6035,0
1327,3160,0
1328,1915,0
1329,4377,0
1330,6713,0
1331,8414,0
1332,6763,0
1333,7854,0
1334,826,0
1335,2071,0
1336,8621,0
1337,1627,0
1338,2164,0
1339,2155,0
1340,382,0
1341,3478,0
1342,6617,0
1343,3973,0
1344,2156,0
1345,139,0
1346,4472,0
1347,7468,0
1348,1099,0
1349,5194,0
1350,142,0
1351,8715,0
1352,4456,0
1353,5916,0
1354,869,0
1355,8565,0
1356,3539,0
1357,9377,0
1358,8267,0
1359,5065,0
1360,212,0
1361,7451,0
1362,7318,0
1363,101,0
1364,6284,0
1365,7656,0
1366,4434,0
1367,4330,0
1368,4679,0
1369,552,0
1370,2205,0
1371,8097,0
1372,7349,0
1373,8010,0
1374,3138,0
1375,4991,0
1376,7374,0
1377,7736,0
1378,2271,0
1379,9454,0
1380,3523,0
1381,5455,0
1382,9956,0
1383,412,0
1384,9771,0
1385,905,0
1386,1945,0
1387,1128,0
1388,8082,0
1389,3647,0
1390,4975,0
1391,4454,0
1392,1345,0
1393,4751,0
1394,2988,0
1395,4671,0
1396,1328,0
1397,7577,0
1398,3,0
1399,7483,0
1400,6571,0
1401,6855,0
1402,2110,0
1403,9071,0
1404,1770,0
1405,3355,0
1406,2432,0
1407,5498,0
1408,6531,0
1409,6280,0
1410,4034,0
1411,1788,0
1412,4747,0
1413,9022,0
1414,1884,0
1415,5753,0
1416,9791,0
1417,8083,0
1418,7146,0
1419,8519,0
1420,9653,0
1421,7513,0
1422,8680,0
1423,6056,0
1424,4379,0
1425,6634,0
1426,2009,0
1427,8155,0
1428,8948,0
1429,6105,0
1430,5799,0
1431,2709,0
1432,7558,0
1433,3107,0
1434,573,0
1435,6424,0
1436,8534,0
1437,5797,0
1438,8032,0
1439,6324,0
1440,3828,0
1441,1278,0
1442,4452,0
1443,9061,0
1444,8462,0
1445,9762,0
1446,9471,0
1447,9159,0
1448,5828,0
1449,4986,0
1450,3841,0
1451,3072,0
1452,6611,0
1453,7160,0
1454,3404,0
1455,7224,0
1456,7975,0
1457,2225,0
1458,8530,0
1459,1427,0
1460,3957,0
1461,3800,0
1462,8038,0
1463,4753,0
1464,5217,0
1465,874,0
1466,6507,0
1467,936,0
1468,123,0
1469,3348,0
1470,2962,0
1471,4177,0
1472,6754,0
1473,6874,0
1474,5396,0
1475,1613,0
1476,6851,0
1477,8033,0
1478,1419,0
1479,1756,0
1480,2026,0
1481,7765,0
1482,1773,0
1483,5732,0
1484,2233,0
1485,2912,0
1486,349,0
1487,1472,0
1488,7653,0
1489,7002,0
1490,1101,0
1491,8857,0
1492,5726,0
1493,886,0
1494,8969,0
1495,2995,0
1496,20,0
1497,4558,0
1498,4370,0
1499,7419,0
1500,4236,0
1501,3888,0
1502,1015,0
1503,1439,0
1504,5144,0
1505,7521,0
1506,903,0
1507,1476,0
1508,3578,0
1509,5902,0
1510,8603,0
1511,3265,0
1512,8836,0
1513,5708,0
1514,6435,0
1515,5763,0
1516,7891,0
1517,3050,0
1518,7615,0
1519,7966,0
1520,6504,0
1521,2209,0
1522,6936,0
1523,2999,0
1524,2947,0
1525,4235,0
1526,7228,0
1527,3258,0
1528,4155,0
1529,1205,0
1530,3932,0
1531,1081,0
1532,9900,0
1533,5913,0
1534,4675,0
1535,1251,0
1536,5308,0
1537,1890,0
1538,6385,0
1539,5158,0
1540,5930,0
1541,3626,0
1542,3983,0
1543,6163,0
1544,8156,0
1545,4924,0
1546,6829,0
1547,1650,0
1548,5879,0
1549,660,0
1550,9708,0
1551,9684,0
1552,441,0
1553,1639,0
1554,77,0
1555,6497,0
1556,4963,0
1557,5608,0
1558,5838,0
1559,6510,0
1560,6454,0
1561,2685,0
1562,9542,0
1563,6520,0
1564,742,0
1565,1233,0
1566,1618,0
1567,8128,0
1568,6718,0
1569,5107,0
1570,3377,0
1571,2104,0
1572,862,0
1573,4827,0
1574,1654,0
1575,7114,0
1576,3536,0
1577,317,0
1578,9372,0
1579,7694,0
1580,7279,0
1581,4176,0
1582,7731,0
1583,1485,0
1584,1651,0
1585,7908,0
1586,7213,0
1587,9808,0
1588,3241,0
1589,8981,0
1590,8450,0
1591,3162,0
1592,2189,0
1593,4995,0
1594,9736,0
1595,1861,0
1596,4116,0
1597,6761,0
1598,3248,0
1599,14,0
1600,6762,0
1601,5091,0
1602,2021,0
1603,1465,0
1604,9570,0
1605,8646,0
1606,9196,0
1607,7181,0
1608,2542,0
1609,3347,0
1610,3149,0
1611,6251,0
1612,3183,0
1613,9093,0
1614,9634,0
1615,8472,0
1616,21,0
1617,5509,0
1618,8091,0
1619,6934,0
1620,5725,0
1621,6721,0
1622,6748,0
1623,834,0
1624,9380,0
1625,7785,0
1626,3084,0
1627,3573,0
1628,4574,0
1629,288,0
1630,8820,0
1631,9844,0
1632,6171,0
1633,8685,0
1634,6906,0
1635,5338,0
1636,1498,0
1637,4692,0
1638,8163,0
1639,203,0
1640,9352,0
1641,5818,0
1642,4955,0
1643,7497,0
1644,8779,0
1645,6347,0
1646,6745,0
1647,4846,0
1648,3005,0
1649,5874,0
1650,3078,0
1651,5953,0
1652,2004,0
1653,4443,0
1654,3664,0
1655,2974,0
1656,9755,0
1657,6589,0
1658,8364,0
1659,7097,0
1660,518,0
1661,9916,0
1662,4473,0
1663,6653,0
1664,9082,0
1665,850,0
1666,2769,0
1667,5650,0
1668,76,0
1669,1383,0
1670,8062,0
1671,1055,0
1672,1844,0
1673,7423,0
1674,2727,0
1675,551,0
1676,9312,0
1677,7919,0
1678,6613,0
1679,9790,0
1680,354,0
1681,876,0
1682,7227,0
1683,6975,0
1684,9182,0
1685,1706,0
1686,3454,0
1687,8955,0
1688,1106,0
1689,6132,0
1690,8235,0
1691,5033,0
1692,3381,0
1693,3283,0
1694,55,0
1695,158,0
1696,1379,0
1697,6926,0
1698,2120,0
1699,9397,0
1700,2869,0
1701,893,0
1702,2783,0
1703,3378,0
1704,7220,0
1705,2465,0
1706,5749,0
1707,1178,0
1708,2752,0
1709,9117,0
1710,35,0
1711,4066,0
1712,6935,0
1713,2700,0
1714,6244,0
1715,1370,0
1716,6715,0
1717,8233,0
1718,5768,0
1719,1126,0
1720,3551,0
1721,895,0
1722,5082,0
1723,6188,0
1724,4200,0
1725,4175,0
1726,9722,0
1727,5349,0
1728,7876,0
1729,7190,0
1730,4990,0
1731,6198,0
1732,8238,0
1733,1754,0
1734,2330,0
1735,6265,0
1736,7602,0
1737,5247,0
1738,3965,0
1739,6662,0
1740,9382,0
1741,9142,0
1742,3609,0
1743,7175,0
1744,3007,0
1745,4638,0
1746,8222,0
1747,3434,0
1748,4501,0
1749,3826,0
1750,7994,0
1751,1699,0
1752,2034,0
1753,2636,0
1754,2460,0
1755,1870,0
1756,9114,0
1757,1414,0
1758,5384,0
1759,2830,0
1760,4570,0
1761,3669,0
1762,4268,0
1763,1826,0
1764,9112,0
1765,3414,0
1766,7698,0
1767,6059,0
1768,6165,0
1769,5087,0
1770,4563,0
1771,5597,0
1772,4225,0
1773,3221,0
1774,2329,0
1775,2694,0
1776,1949,0
1777,1376,0
1778,9462,0
1779,7783,0
1780,4964,0
1781,1697,0
1782,5720,0
1783,3171,0
1784,667,0
1785,4997,0
1786,3575,0
1787,750,0
1788,6900,0
1789,8904,0
1790,489,0
1791,9457,0
1792,3709,0
1793,5676,0
1794,7983,0
1795,1487,0
1796,6323,0
1797,5632,0
1798,7677,0
1799,1204,0
1800,4273,0
1801,8537,0
1802,8477,0
1803,9685,0
1804,8600,0
1805,409,0
1806,7341,0
1807,2146,0
1808,5486,0
1809,9350,0
1810,6104,0
1811,4795,0
1812,9232,0
1813,776,0
1814,5378,0
1815,9038,0
1816,9473,0
1817,3466,0
1818,2197,0
1819,4411,0
1820,9263,0
1821,5200,0
1822,7229,0
1823,9229,0
1824,9667,0
1825,1979,0
1826,8893,0
1827,7613,0
1828,8239,0
1829,8166,0
1830,1781,0
1831,5343,0
1832,8361,0
1833,9446,0
1834,267,0
1835,9734,0
1836,4490,0
1837,228,0
1838,8531,0
1839,594,0
1840,7794,0
1841,2139,0
1842,8649,0
1843,24,0
1844,4341,0
1845,2149,0
1846,1490,0
1847,4317,0
1848,912,0
1849,4818,0
1850,4499,0
1851,5151,0
1852,1272,0
1853,4089,0
1854,338,0
1855,5770,0
1856,9928,0
1857,1102,0
1858,9116,0
1859,3718,0
1860,7204,0
1861,9191,0
1862,5540,0
1863,8076,0
1864,7192,0
1865,9249,0
1866,6968,0
1867,468,0
1868,8278,0
1869,4765,0
1870,5080,0
1871,1203,0
1872,2423,0
1873,2121,0
1874,6869,0
1875,7963,0
1876,8507,0
1877,4731,0
1878,3446,0
1879,8751,0
1880,7452,0
1881,7357,0
1882,5206,0
1883,7617,0
1884,3411,0
1885,6966,0
1886,383,0
1887,8967,0
1888,8718,0
1889,7598,0
1890,5172,0
1891,1298,0
1892,8692,0
1893,7375,0
1894,3961,0
1895,346,0
1896,264,0
1897,7958,0
1898,276,0
1899,9679,0
1900,1194,0
1901,608,0
1902,8556,0
1903,7179,0
1904,1137,0
1905,6151,0
1906,878,0
1907,5281,0
1908,5034,0
1909,8194,0
1910,2776,0
1911,253,0
1912,302,0
1913,9836,0
1914,2125,0
1915,6044,0
1916,607,0
1917,1134,0
1918,3395,0
1919,9268,0
1920,9244,0
1921,2507,0
1922,3419,0
1923,8669,0
1924,6501,0
1925,7344,0
1926,463,0
1927,3922,0
1928,821,0
1929,6872,0
1930,6519,0
1931,4287,0
1932,7162,0
1933,8368,0
1934,8454,0
1935,6216,0
1936,3444,0
1937,9538,0
1938,8645,0
1939,2936,0
1940,7910,0
1941,5678,0
1942,7425,0
1943,6315,0
1944,7455,0
1945,9402,0
1946,470,0
1947,1919,0
1948,1275,0
1949,651,0
1950,6856,0
1951,5982,0
1952,4319,0
1953,2207,0
1954,6703,0
1955,5098,0
1956,150,0
1957,2826,0
1958,2469,0
1959,4076,0
1960,4429,0
1961,3652,0
1962,6908,0
1963,8492,0
1964,4523,0
1965,5817,0
1966,4560,0
1967,1078,0
1968,7298,0
1969,9952,0
1970,9169,0
1971,1847,0
1972,4133,0
1973,2553,0
1974,7361,0
1975,7102,0
1976,2960,0
1977,4897,0
1978,1481,0
1979,7720,0
1980,259,0
1981,6485,0
1982,7926,0
1983,9816,0
1984,7312,0
1985,1008,0
1986,6138,0
1987,8111,0
1988,5209,0
1989,4310,0
1990,3418,0
1991,2639,0
1992,3956,0
1993,1483,0
1994,609,0
1995,684,0
1996,4811,0
1997,3757,0
1998,2948,0
1999,1085,0
2000,8789,0
2001,7025,0
2002,9474,0
2003,5716,0
2004,3869,0
2005,152,0
2006,8122,0
2007,3693,0
2008,3313,0
2009,3867,0
2010,4839,0
2011,7767,0
2012,2014,0
2013,5859,0
2014,7686,0
2015,389,0
2016,8116,0
2017,5704,0
2018,9508,0
2019,3602,0
2020,1105,0
2021,3033,0
2022,213,0
2023,134,0
2024,6207,0
2025,2317,0
2026,9878,0
2027,7847,0
2028,3328,0
2029,1449,0
2030,6802,0
2031,8147,0
2032,1259,0
2033,6414,0
2034,2220,0
2035,6533,0
2036,1094,0
2037,6234,0
2038,9939,0
2039,8371,0
2040,2719,0
2041,7726,0
2042,6353,0
2043,4306,0
2044,5302,0
2045,7768,0
2046,9874,0
2047,4890,0
2048,3592,0
2049,3226,0
2050,1003,0
2051,4629,0
2052,9130,0
2053,6241,0
2054,4669,0
2055,679,0
2056,1804,0
2057,7442,0
2058,5477,0
2059,4549,0
2060,6174,0
2061,7176,0
2062,3704,0
2063,8098,0
2064,8172,0
2065,9493,0
2066,6032,0
2067,7964,0
2068,7978,0
2069,6073,0
2070,1252,0
2071,1644,0
2072,56,0
2073,644,0
2074,9703,0
2075,3865,0
2076,9326,0
2077,753,0
2078,440,0
2079,6100,0
2080,9439,0
2081,5939,0
2082,558,0
2083,1986,0
2084,5889,0
2085,6098,0
2086,7093,0
2087,5226,0
2088,3161,0
2089,8694,0
2090,7418,0
2091,1747,0
2092,3342,0
2093,2851,0
2094,4258,0
2095,3656,0
2096,9735,0
2097,2160,0
2098,330,0
2099,673,0
2100,9699,0
2101,6889,0
2102,5505,0
2103,4057,0
2104,9855,0
2105,8376,0
2106,244,0
2107,3413,0
2108,8953,0
2109,9989,0
2110,2945,0
2111,5179,0
2112,1632,0
2113,9097,0
2114,926,0
2115,5495,0
2116,918,0
2117,5451,0
2118,2295,0
2119,1187,0
2120,9769,0
2121,6842,0
2122,1601,0
2123,3651,0
2124,4598,0
2125,475,0
2126,2750,0
2127,9631,0
2128,7173,0
2129,2212,0
2130,7851,0
2131,5240,0
2132,959,0
2133,7108,0
2134,991,0
2135,3797,0
2136,8780,0
2137,8990,0
2138,2720,0
2139,1463,0
2140,7208,0
2141,6635,0
2142,1049,0
2143,8327,0
2144,6407,0
2145,2522,0
2146,9773,0
2147,3470,0
2148,3589,0
2149,9113,0
2150,5075,0
2151,8189,0
2152,8991,0
2153,2820,0
2154,7394,0
2155,1566,0
2156,5979,0
2157,6023,0
2158,3795,0
2159,6784,0
2160,948,0
2161,9648,0
2162,7370,0
2163,8930,0
2164,7476,0
2165,2929,0
2166,2420,0
2167,8187,0
2168,7711,0
2169,9824,0
2170,4389,0
2171,3059,0
2172,8039,0
2173,9597,0
2174,1440,0
2175,7642,0
2176,7972,0
2177,2343,0
2178,8945,0
2179,2580,0
2180,8513,0
2181,8874,0
2182,5999,0
2183,9208,0
2184,4,0
2185,5023,0
2186,4460,0
2187,898,0
2188,7400,0
2189,1930,0
2190,7568,0
2191,8145,0
2192,1424,0
2193,4826,0
2194,5245,0
2195,8313,0
2196,5693,0
2197,4382,0
2198,5760,0
2199,2051,0
2200,116,0
2201,9090,0
2202,5439,0
2203,7770,0
2204,9520,0
2205,1542,0
2206,7134,0
2207,4892,0
2208,6222,0
2209,2717,0
2210,8714,0
2211,2008,0
2212,6778,0
2213,6637,0
2214,9265,0
2215,524,0
2216,3546,0
2217,8564,0
2218,8594,0
2219,8217,0
2220,7252,0
2221,1384,0
2222,3939,0
2223,3938,0
2224,9047,0
2225,9346,0
2226,1430,0
2227,196,0
2228,1200,0
2229,1279,0
2230,2888,0
2231,9714,0
2232,4840,0
2233,5282,0
2234,9329,0
2235,1508,0
2236,5826,0
2237,1575,0
2238,8468,0
2239,3764,0
2240,6664,0
2241,4117,0
2242,9314,0
2243,8606,0
2244,1797,0
2245,5993,0
2246,571,0
2247,1771,0
2248,6601,0
2249,5634,0
2250,7311,0
2251,5773,0
2252,973,0
2253,9594,0
2254,4573,0
2255,7345,0
2256,7687,0
2257,8431,0
2258,2166,0
2259,8744,0
2260,4021,0
2261,5197,0
2262,2171,0
2263,1454,0
2264,5946,0
2265,6728,0
2266,9235,0
2267,5434,0
2268,6931,0
2269,9676,0
2270,1177,0
2271,7301,0
2272,8852,0
2273,4414,0
2274,5622,0
2275,2215,0
2276,8824,0
2277,4349,0
2278,3263,0
2279,542,0
2280,5445,0
2281,5807,0
2282,8988,0
2283,941,0
2284,1648,0
2285,2489,0
2286,4653,0
2287,8345,0
2288,3350,0
2289,7058,0
2290,2081,0
2291,1009,0
2292,7477,0
2293,8756,0
2294,2521,0
2295,7412,0
2296,4031,0
2297,9777,0
2298,4239,0
2299,5096,0
2300,9102,0
2301,2210,0
2302,8003,0
2303,6297,0
2304,4974,0
2305,5875,0
2306,5042,0
2307,6639,0
2308,8365,0
2309,1634,0
2310,2198,0
2311,2908,0
2312,8495,0
2313,7236,0
2314,928,0
2315,1019,0
2316,6527,0
2317,7320,0
2318,4929,0
2319,98,0
2320,7843,0
2321,209,0
2322,4326,0
2323,1452,0
2324,4243,0
2325,603,0
2326,5231,0
2327,9155,0
2328,6850,0
2329,4166,0
2330,5876,0
2331,7917,0
2332,2019,0
2333,4941,0
2334,5480,0
2335,539,0
2336,6581,0
2337,6037,0
2338,5798,0
2339,7049,0
2340,5524,0
2341,717,0
2342,9595,0
2343,4145,0
2344,197,0
2345,7603,0
2346,7738,0
2347,7890,0
2348,5120,0
2349,8743,0
2350,3442,0
2351,3483,0
2352,4188,0
2353,7543,0
2354,7460,0
2355,1872,0
2356,5563,0
2357,4572,0
2358,7145,0
2359,1840,0
2360,9226,0
2361,7589,0
2362,2715,0
2363,3545,0
2364,114,0
2365,6706,0
2366,4923,0
2367,5957,0
2368,5552,0
2369,1995,0
2370,8205,0
2371,7384,0
2372,4247,0
2373,7557,0
2374,5018,0
2375,8389,0
2376,2933,0
2377,2358,0
2378,4513,0
2379,5806,0
2380,7903,0
2381,6213,0
2382,825,0
2383,1876,0
2384,7590,0
2385,4396,0
2386,1622,0
2387,7500,0
2388,5537,0
2389,3900,0
2390,7799,0
2391,920,0
2392,6304,0
2393,8700,0
2394,3490,0
2395,2246,0
2396,6812,0
2397,9743,0
2398,1707,0
2399,1572,0
2400,2832,0
2401,626,0
2402,8719,0
2403,3064,0
2404,3040,0
2405,7800,0
2406,1474,0
2407,3424,0
2408,7117,0
2409,4318,0
2410,2884,0
2411,4494,0
2412,4705,0
2413,2802,0
2414,7865,0
2415,9650,0
2416,3375,0
2417,1989,0
2418,7050,0
2419,6769,0
2420,9269,0
2421,488,0
2422,906,0
2423,5184,0
2424,8432,0
2425,2456,0
2426,6809,0
2427,2555,0
2428,2395,0
2429,3717,0
2430,1515,0
2431,9204,0
2432,23,0
2433,4098,0
2434,2342,0
2435,5506,0
2436,7832,0
2437,3561,0
2438,4803,0
2439,4224,0
2440,1333,0
2441,2265,0
2442,4673,0
2443,5525,0
2444,6982,0
2445,9095,0
2446,3688,0
2447,4726,0
2448,2906,0
2449,6331,0
2450,6003,0
2451,2523,0
2452,2564,0
2453,8354,0
2454,2630,0
2455,8094,0
2456,8209,0
2457,7174,0
2458,6321,0
2459,3846,0
2460,1503,0
2461,4823,0
2462,1769,0
2463,5327,0
2464,6793,0
2465,6564,0
2466,4083,0
2467,9472,0
2468,5121,0
2469,8213,0
2470,8641,0
2471,1910,0
2472,3998,0
2473,8007,0
2474,9185,0
2475,8912,0
2476,451,0
2477,2294,0
2478,4618,0
2479,2943,0
2480,5364,0
2481,4687,0
2482,86,0
2483,9212,0
2484,1042,0
2485,7379,0
2486,8174,0
2487,7861,0
2488,2143,0
2489,2144,0
2490,9890,0
2491,190,0
2492,1882,0
2493,5519,0
2494,3356,0
2495,2266,0
2496,7758,0
2497,9637,0
2498,5219,0
2499,7778,0
2500,3394,0
2501,8430,0
2502,3671,0
2503,1231,0
2504,8768,0
2505,9853,0
2506,2847,0
2507,5148,0
2508,5903,0
2509,756,0
2510,8447,0
2511,7068,0
2512,3384,0
2513,4195,0
2514,6448,0
2515,2990,0
2516,9745,0
2517,2664,0
2518,3023,0
2519,7620,0
2520,1431,0
2521,485,0
2522,7465,0
2523,7024,0
2524,7879,0
2525,6395,0
2526,993,0
2527,8508,0
2528,4006,0
2529,2578,0
2530,6250,0
2531,3915,0
2532,7608,0
2533,4783,0
2534,8812,0
2535,9615,0
2536,546,0
2537,6862,0
2538,4999,0
2539,5966,0
2540,7377,0
2541,7874,0
2542,1013,0
2543,6476,0
2544,5376,0
2545,4115,0
2546,8378,0
2547,1728,0
2548,1555,0
2549,7115,0
2550,9741,0
2551,655,0
2552,3410,0
2553,8755,0
2554,374,0
2555,7928,0
2556,2786,0
2557,4881,0
2558,5890,0
2559,94,0
2560,7128,0
2561,2179,0
2562,2387,0
2563,5257,0
2564,2641,0
2565,5941,0
2566,1114,0
2567,1521,0
2568,3598,0
2569,4887,0
2570,324,0
2571,6170,0
2572,7338,0
2573,9861,0
2574,3297,0
2575,7527,0
2576,9234,0
2577,9438,0
2578,7492,0
2579,6810,0
2580,1740,0
2581,7294,0
2582,9217,0
2583,8742,0
2584,9206,0
2585,4026,0
2586,5237,0
2587,1299,0
2588,1604,0
2589,6382,0
2590,4689,0
2591,2200,0
2592,5326,0
2593,602,0
2594,4655,0
2595,1179,0
2596,8693,0
2597,6338,0
2598,9704,0
2599,7319,0
2600,5887,0
2601,8546,0
2602,5006,0
2603,8192,0
2604,8716,0
2605,9484,0
2606,7747,0
2607,7022,0
2608,2204,0
2609,6102,0
2610,8837,0
2611,5232,0
2612,605,0
2613,1984,0
2614,4576,0
2615,5591,0
2616,7466,0
2617,9651,0
2618,4364,0
2619,3981,0
2620,7039,0
2621,8294,0
2622,969,0
2623,5878,0
2624,4520,0
2625,428,0
2626,3723,0
2627,1983,0
2628,5377,0
2629,5582,0
2630,2950,0
2631,2487,0
2632,309,0
2633,4879,0
2634,3449,0
2635,5564,0
2636,8482,0
2637,9689,0
2638,8798,0
2639,6048,0
2640,7315,0
2641,1170,0
2642,3474,0
2643,1709,0
2644,9210,0
2645,3367,0
2646,1953,0
2647,836,0
2648,793,0
2649,586,0
2650,9367,0
2651,7008,0
2652,9245,0
2653,4978,0
2654,8254,0
2655,1246,0
2656,1720,0
2657,6333,0
2658,3346,0
2659,7044,0
2660,7438,0
2661,8043,0
2662,2583,0
2663,2632,0
2664,6033,0
2665,9455,0
2666,2463,0
2667,1557,0
2668,3471,0
2669,8717,0
2670,9815,0
2671,7118,0
2672,5548,0
2673,5748,0
2674,3180,0
2675,9847,0
2676,4270,0
2677,4954,0
2678,8439,0
2679,2966,0
2680,7284,0
2681,1006,0
2682,9977,0
2683,6438,0
2684,3739,0
2685,2654,0
2686,6757,0
2687,5846,0
2688,6537,0
2689,7935,0
2690,5083,0
2691,9783,0
2692,8850,0
2693,8295,0
2694,2975,0
2695,6457,0
2696,709,0
2697,13,0
2698,1269,0
2699,3904,0
2700,8593,0
2701,8421,0
2702,1116,0
2703,3962,0
2704,5462,0
2705,3728,0
2706,1735,0
2707,720,0
2708,1920,0
2709,5108,0
2710,4510,0
2711,6684,0
2712,4727,0
2713,744,0
2714,2771,0
2715,5449,0
2716,7100,0
2717,4229,0
2718,5674,0
2719,9101,0
2720,1380,0
2721,6546,0
2722,3498,0
2723,8774,0
2724,7813,0
2725,4697,0
2726,1344,0
2727,6705,0
2728,1802,0
2729,4587,0
2730,8341,0
2731,5683,0
2732,2648,0
2733,5238,0
2734,2433,0
2735,9647,0
2736,652,0
2737,9258,0
2738,841,0
2739,5481,0
2740,7262,0
2741,6433,0
2742,5767,0
2743,9407,0
2744,8786,0
2745,126,0
2746,5068,0
2747,4404,0
2748,9619,0
2749,990,0
2750,8736,0
2751,7285,0
2752,7362,0
2753,567,0
2754,7286,0
2755,6932,0
2756,4901,0
2757,3165,0
2758,628,0
2759,4873,0
2760,4009,0
2761,4339,0
2762,1767,0
2763,5914,0
2764,585,0
2765,8093,0
2766,2767,0
2767,8834,0
2768,2524,0
2769,8925,0
2770,4378,0
2771,1014,0
2772,6532,0
2773,1500,0
2774,2486,0
2775,4504,0
2776,953,0
2777,9050,0
2778,2285,0
2779,8511,0
2780,5225,0
2781,8282,0
2782,1410,0
2783,6318,0
2784,7326,0
2785,7567,0
2786,9225,0
2787,2263,0
2788,6087,0
2789,2530,0
2790,4468,0
2791,5935,0
2792,2494,0
2793,7065,0
2794,4693,0
2795,9606,0
2796,8826,0
2797,1646,0
2798,6126,0
2799,3713,0
2800,5549,0
2801,121,0
2802,2055,0
2803,2858,0
2804,3243,0
2805,2749,0
2806,763,0
2807,6866,0
2808,3835,0
2809,8107,0
2810,188,0
2811,9425,0
2812,1856,0
2813,5893,0
2814,7163,0
2815,9009,0
2816,7693,0
2817,7310,0
2818,9040,0
2819,3719,0
2820,9456,0
2821,9785,0
2822,3516,0
2823,8867,0
2824,3672,0
2825,7178,0
2826,5865,0
2827,8562,0
2828,5687,0
2829,7934,0
2830,8392,0
2831,6871,0
2832,5747,0
2833,9799,0
2834,8835,0
2835,5920,0
2836,2461,0
2837,7221,0
2838,6106,0
2839,9368,0
2840,6024,0
2841,6202,0
2842,5133,0
2843,4388,0
2844,5253,0
2845,1464,0
2846,6346,0
2847,5069,0
2848,7529,0
2849,6049,0
2850,4108,0
2851,4190,0
2852,2031,0
2853,7984,0
2854,3233,0
2855,8765,0
2856,7997,0
2857,2561,0
2858,4905,0
2859,4282,0
2860,1547,0
2861,6055,0
2862,5114,0
2863,3120,0
2864,7156,0
2865,7852,0
2866,5192,0
2867,2288,0
2868,9906,0
2869,7087,0
2870,262,0
2871,7342,0
2872,9045,0
2873,9345,0
2874,7547,0
2875,3594,0
2876,2426,0
2877,6283,0
2878,7625,0
2879,3288,0
2880,1494,0
2881,9733,0
2882,5577,0
2883,6694,0
2884,4908,0
2885,4061,0
2886,1810,0
2887,3464,0
2888,3941,0
2889,1401,0
2890,5526,0
2891,2572,0
2892,3954,0
2893,9554,0
2894,7786,0
2895,7254,0
2896,7144,0
2897,5020,0
2898,6335,0
2899,4505,0
2900,4542,0
2901,3622,0
2902,9601,0
2903,1443,0
2904,2789,0
2905,647,0
2906,4477,0
2907,2446,0
2908,4448,0
2909,3018,0
2910,3951,0
2911,5733,0
2912,7323,0
2913,7801,0
2914,9725,0
2915,7420,0
2916,9579,0
2917,7007,0
2918,3698,0
2919,3397,0
2920,657,0
2921,4487,0
2922,2341,0
2923,3902,0
2924,4868,0
2925,7211,0
2926,8160,0
2927,340,0
2928,3307,0
2929,3325,0
2930,5026,0
2931,6690,0
2932,7658,0
2933,5538,0
2934,9007,0
2935,7070,0
2936,4564,0
2937,3508,0
2938,3359,0
2939,8806,0
2940,1160,0
2941,635,0
2942,6310,0
2943,5516,0
2944,9802,0
2945,7949,0
2946,3729,0
2947,5274,0
2948,7198,0
2949,89,0
2950,5422,0
2951,6752,0
2952,5883,0
2953,4548,0
2954,6081,0
2955,3584,0
2956,950,0
2957,3699,0
2958,8966,0
2959,356,0
2960,6445,0
2961,2226,0
2962,2852,0
2963,5329,0
2964,2678,0
2965,978,0
2966,6303,0
2967,5694,0
2968,325,0
2969,5743,0
2970,6942,0
2971,7257,0
2972,2173,0
2973,319,0
2974,4465,0
2975,1667,0
2976,6644,0
2977,1357,0
2978,8917,0
2979,7277,0
2980,9408,0
2981,8523,0
2982,2853,0
2983,5963,0
2984,1004,0
2985,7149,0
2986,4479,0
2987,3633,0
2988,9184,0
2989,2551,0
2990,8535,0
2991,6185,0
2992,3433,0
2993,8689,0
2994,2603,0
2995,5163,0
2996,9419,0
2997,5665,0
2998,4426,0
2999,8843,0
3000,3467,0
3001,5877,0
3002,7578,0
3003,290,0
3004,3026,0
3005,4767,0
3006,8296,0
3007,6014,0
3008,9841,0
3009,7060,0
3010,8947,0
3011,9183,0
3012,7995,0
3013,6647,0
3014,3871,0
3015,508,0
3016,4825,0
3017,8271,0
3018,8910,0
3019,85,0
3020,6979,0
3021,7661,0
3022,1192,0
3023,5313,0
3024,3958,0
3025,3117,0
3026,5072,0
3027,8810,0
3028,9109,0
3029,1354,0
3030,5942,0
3031,4489,0
3032,2710,0
3033,5014,0
3034,5977,0
3035,8588,0
3036,6814,0
3037,3077,0
3038,7986,0
3039,6953,0
3040,2048,0
3041,2729,0
3042,2361,0
3043,8983,0
3044,2410,0
3045,6555,0
3046,5385,0
3047,7540,0
3048,9587,0
3049,4799,0
3050,9166,0
3051,5575,0
3052,6369,0
3053,5695,0
3054,4251,0
3055,8481,0
3056,6919,0
3057,5648,0
3058,956,0
3059,7920,0
3060,6008,0
3061,7883,0
3062,506,0
3063,9730,0
3064,1080,0
3065,5785,0
3066,9793,0
3067,1848,0
3068,7336,0
3069,3227,0
3070,3743,0
3071,782,0
3072,3337,0
3073,8297,0
3074,206,0
3075,7980,0
3076,729,0
3077,5635,0
3078,4780,0
3079,2290,0
3080,774,0
3081,1031,0
3082,2645,0
3083,815,0
3084,6907,0
3085,9876,0
3086,2308,0
3087,8741,0
3088,6716,0
3089,8102,0
3090,1999,0
3091,1616,0
3092,3587,0
3093,2504,0
3094,6066,0
3095,8028,0
3096,5484,0
3097,313,0
3098,4018,0
3099,1897,0
3100,4651,0
3101,1675,0
3102,2277,0
3103,6852,0
3104,8096,0
3105,2689,0
3106,1067,0
3107,1256,0
3108,7929,0
3109,693,0
3110,8505,0
3111,3637,0
3112,5609,0
3113,5558,0
3114,9819,0
3115,6734,0
3116,6084,0
3117,6468,0
3118,974,0
3119,3044,0
3120,6995,0
3121,5386,0
3122,9033,0
3123,2064,0
3124,64,0
3125,2001,0
3126,4277,0
3127,2565,0
3128,5723,0
3129,3092,0
3130,787,0
3131,3781,0
3132,2284,0
3133,6245,0
3134,9998,0
3135,9988,0
3136,4632,0
3137,2131,0
3138,624,0
3139,8323,0
3140,6822,0
3141,1978,0
3142,3231,0
3143,816,0
3144,2785,0
3145,9706,0
3146,2681,0
3147,6731,0
3148,5013,0
3149,5394,0
3150,7753,0
3151,8322,0
3152,7675,0
3153,9118,0
3154,7478,0
3155,9643,0
3156,9499,0
3157,8206,0
3158,4858,0
3159,8823,0
3160,384,0
3161,8888,0
3162,1206,0
3163,4269,0
3164,1330,0
3165,650,0
3166,4162,0
3167,7005,0
3168,1701,0
3169,3321,0
3170,6570,0
3171,1026,0
3172,553,0
3173,2780,0
3174,9057,0
3175,2606,0
3176,3398,0
3177,2101,0
3178,7774,0
3179,619,0
3180,9436,0
3181,8856,0
3182,4796,0
3183,4150,0
3184,1820,0
3185,9541,0
3186,7416,0
3187,786,0
3188,7780,0
3189,1470,0
3190,5157,0
3191,532,0
3192,8504,0
3193,3401,0
3194,6224,0
3195,2003,0
3196,4562,0
3197,9598,0
3198,3049,0
3199,4935,0
3200,6412,0
3201,2941,0
3202,1218,0
3203,5727,0
3204,8577,0
3205,5210,0
3206,4725,0
3207,8962,0
3208,9803,0
3209,3819,0
3210,540,0
3211,6484,0
3212,8114,0
3213,2413,0
3214,8559,0
3215,2512,0
3216,3632,0
3217,4384,1
3218,4760,1
3219,4502,1
3220,4666,1
3221,4097,1
3222,4528,1
3223,4621,1
3224,4449,1
3225,4511,1
3226,4121,1
3227,4165,1
3228,4771,1
3229,4156,1
3230,4406,1
3231,4837,1
3232,4832,1
3233,4154,1
3234,4662,1
3235,4643,1
3236,4139,1
3237,4557,1
3238,4703,1
3239,4670,1
3240,4248,1
3241,4186,1
3242,3788,1
3243,4082,1
3244,4769,1
3245,4852,1
3246,4602,1
3247,4079,1
3248,4324,1
3249,3794,1
3250,4362,1
3251,4141,1
3252,4185,1
3253,4422,1
3254,5707,1
3255,51,1
3256,7537,1
3257,3458,1
3258,4049,1
3259,7084,1
3260,4343,1
3261,6933,1
3262,443,1
3263,2427,1
3264,5049,1
3265,2599,1
3266,1809,1
3267,4921,1
3268,1285,1
3269,6679,1
3270,7565,1
3271,4003,1
3272,1096,1
3273,3868,1
3274,4293,1
3275,1145,1
3276,1497,1
3277,3944,1
3278,9765,1
3279,4998,1
3280,6541,1
3281,4297,1
3282,195,1
3283,169,1
3284,2880,1
3285,3580,1
3286,8196,1
3287,6154,1
3288,7592,1
3289,3020,1
3290,7670,1
3291,4985,1
3292,3351,1
3293,9660,1
3294,2076,1
3295,2762,1
3296,4025,1
3297,9494,1
3298,7927,1
3299,1336,1
3300,9015,1
3301,1834,1
3302,587,1
3303,3357,1
3304,249,1
3305,6079,1
3306,243,1
3307,9831,1
3308,1335,1
3309,1163,1
3310,1162,1
3311,4815,1
3312,8847,1
3313,5142,0
3314,7088,0
3315,1510,0
3316,4647,1
3317,8358,0
3318,1088,0
3319,6760,0
3320,1683,0
3321,2865,0
3322,1997,0
3323,5310,0
3324,3866,0
3325,5402,0
3326,6420,0
3327,1303,0
3328,5554,0
3329,6961,0
3330,6914,0
3331,5510,0
3332,3066,0
